vendor_name,spend,department,description,recommendation,source,confidence
Salesforce Uk Ltd-Uk,3117225.8877216,SaaS,CRM and enterprise cloud platform,Optimize,database,High
Navan (Tripactions Inc),357983.6164072,G&A,Corporate travel management platform,Consolidate,database,High
Bdo Llp,343081.3853496,Finance,Audit advisory and accounting services,Consolidate,database,High
Tog Uk Properties Limited,263821.1593744,Facilities,Flexible office space and coworking provider,Consolidate,database,High
Cloudcrossing Bvba,208675.1466944,Engineering,Cloud and network infrastructure services,Optimize,database,High
Zagrebtower D.O.O.,183754.4183896,Facilities,Office building lease and management,Consolidate,database,High
Innovent Spaces Private Limited,147347.8039136,Facilities,Office space and coworking provider,Consolidate,database,High
Weking D.O.O.,144093.201148,Facilities,Office space and workplace solutions,Consolidate,database,High
Jensten Insurance Brokers,142699.7305688,Support,Commercial insurance brokerage,Consolidate,database,High
Gpt Space & Co,133506.776816,Facilities,Office space and coworking provider,Consolidate,database,High
Aetna Life And Casualty Ltd,124661.4588432,Support,Health and life insurance provider,Consolidate,database,High
Rsm Uk Corporate Finance Llp,117077.8757856,M&A,Corporate finance advisory services,Consolidate,database,High
Amazon Web Services Llc,106399.2364888,Engineering,Cloud infrastructure platform (AWS),Optimize,database,High
Telefonica Global Services Gmbh,89879.5842232,Engineering,Telecommunications services provider,Optimize,database,High
Hr Solution International Gmbh,80822.7573232,Professional Services,HR consulting and outsourcing services,Consolidate,database,High
4I Advisory Services,71860.3409824,Professional Services,Operational transformation and process improvement consulting,Consolidate,database,High
Bisley Law Ltd,67414.2623224,Legal,Corporate and commercial legal services,Optimize,database,High
Infosys,66570.422208,Engineering,IT consulting and technology services,Optimize,database,High
Big Frontier Pty Ltd (Cult Of Monday),66131.303328,Engineering,Digital agency and technology services,Optimize,database,High
Harmonic Group Limited,65417.735148,Professional Services,Executive recruitment and talent advisory,Consolidate,database,High
Wework Singapore Pte. Ltd.,64373.3640784,Facilities,Global coworking and flexible office space,Consolidate,database,High
Cloud Technology Solutions Ltd,60661.3458128,Engineering,Google Cloud solutions and consulting,Optimize,database,High
"Navan, Inc",57929.2945144,G&A,Corporate travel management platform,Consolidate,database,High
Tmforum,57560.4346552,Professional Services,Telecommunications industry forum membership,Optimize,database,High
Linkedin Ireland Limited,55572.6898584,Marketing,Professional networking and advertising,Optimize,database,High
Kimble Applications Ltd,52825.2693992,SaaS,Professional services automation platform,Optimize,database,High
Sage Uk Limited,46894.9689248,SaaS,Accounting and payroll software,Optimize,database,High
Grant Thornton,46538.5507672,Finance,Audit advisory and accounting services,Consolidate,database,High
"Sveuä_x008d_Iliå¡Te U Zagrebu, Studentski Centar",44299.0444792,G&A,Student center venue for corporate events,Terminate,database,High
Ss&C Intralinks Inc,39966.4048632,SaaS,Virtual data room platform,Optimize,database,High
Veniture D.O.O.,39342.1241888,Engineering,Software development and technology services,Optimize,database,High
Accutrainee Limited,38840.7968008,Professional Services,Legal trainee placement services,Consolidate,database,High
Mason Frank International Ltd,38147.7208352,Professional Services,Salesforce recruitment specialist,Consolidate,database,High
"Houlihan Lokey Advisors, Llc",37461.2316528,M&A,Investment banking and M&A advisory,Consolidate,database,High
Vector Capital Management Lp,32426.7336936,M&A,Private equity advisory services,Optimize,database,High
Hubspot Ireland Limited,32187.413904,SaaS,Marketing automation and CRM platform,Optimize,database,High
Nefron - Obrt Za Poslovne Usluge,30613.904584,Professional Services,Business process outsourcing services,Consolidate,database,High
"Planful, Inc.",27741.335243999998,SaaS,Financial planning and analysis platform,Optimize,database,High
Cognism Limited,27013.129768,SaaS,B2B sales intelligence platform,Optimize,database,High
Uberflip,26090.98012,SaaS,Content experience and marketing platform,Consolidate,database,High
Agram Life Osiguranje D.O.O.,24952.1984912,Support,Life insurance provider,Consolidate,database,High
Google Ireland Limited,24797.7750184,SaaS,Advertising and cloud platform,Optimize,database,High
Zuric I Partneri Odvjetnicko Drustvo D.O.O.,24135.4373744,Legal,Croatian corporate legal services,Optimize,database,High
Care Health Insurance Company Limited,24044.6861392,Support,Health insurance provider,Consolidate,database,High
New Star Networks(Nsn),23886.603342399998,Engineering,Network infrastructure services,Optimize,database,High
Bupa- Supplier,22799.784114399998,Support,Health insurance and medical services,Consolidate,database,High
Shree Info System Solutions Pvt Ltd,22275.0370528,Engineering,IT infrastructure and services,Consolidate,database,High
Technet It Recruitment,21952.284676,Professional Services,IT recruitment services,Consolidate,database,High
Mightyhive Ltd,19041.6583664,Marketing,Digital advertising and analytics,Optimize,database,High
Cedar Recruitment Ltd,18537.4035192,Professional Services,Recruitment services,Consolidate,database,High
Eurofast International Ltd-Greec,18164.1524712,Finance,International tax and advisory services,Consolidate,database,High
Hrvatski Telekom D.D.,18084.379208,Engineering,Croatian telecommunications provider,Optimize,database,High
Sodexo Svc India Private Limited,17809.929908,Facilities,Facility management and services,Optimize,database,High
Peakon Aps,17108.0715648,SaaS,Employee engagement analytics platform,Consolidate,database,High
Plus Your Business Ltd,17073.6739192,Marketing,Digital marketing services,Optimize,database,High
Benefit Systems D.O.O.,16900.2219616,Support,Employee benefits platform,Consolidate,database,High
Smart Group Services D.O.O.,16438.4152728,Professional Services,HR administration and payroll outsourcing services,Consolidate,database,High
Jones Lang Lasalle (Nsw) Pty Ltd,16274.4775576,Facilities,Commercial real estate and property management,Optimize,database,High
"Workato, Inc.",16101.025599999999,SaaS,Integration and workflow automation platform,Optimize,database,High
Konzum Plus D.O.O.,15683.862664,G&A,Grocery and office supplies,Terminate,database,High
Westbrook Advisers,15360.3784224,Professional Services,M&A integration and strategic transformation advisory,Consolidate,database,High
Work Easy Space Solutions Private Limited,14913.209029599999,Facilities,Office space and coworking provider,Consolidate,database,High
"Taxstudio, Ltd.",14642.419053599999,Finance,Tax advisory and compliance services,Consolidate,database,High
Pingo D.O.O.,14508.487795199999,Engineering,IT services and solutions,Optimize,database,High
Magazin Raunalni Sistemi D.O.O.,13870.301689599999,Engineering,Computer systems and IT solutions,Optimize,database,High
Tp Prime D.O.O.,13785.4053728,Professional Services,Croatian accounting and bookkeeping outsourcing,Consolidate,database,High
Granttree Limited,13658.7927624,Finance,Grant funding advisory services,Optimize,database,High
Cigna Sg,13248.9484744,Support,Health insurance provider,Consolidate,database,High
Collards Chartered Accountants,12878.6248856,Finance,Accounting and audit services,Consolidate,database,High
Bupa Australia,12462.9256792,Support,Health insurance and medical services,Consolidate,database,High
4I Management Consulting Private Limited,12117.4854936,Professional Services,India-based operational consulting and process optimization,Consolidate,database,High
"Grad Zagreb, Gradski Ured Za Prostorno Ureä‘Enje,..",11636.650319999999,G&A,Municipal government permits and fees,Optimize,database,High
Bijeli Pijesak Obrt Za Poslovno Savjetovanje,11605.180133599999,Professional Services,Croatian local regulatory and business advisory,Consolidate,database,High
Ramiro D.O.O.,11515.892628,G&A,Printing and document production services,Optimize,database,High
Visalogic Limited,11240.7114632,G&A,Visa and immigration advisory services,Optimize,database,High
Poles Ltd - Hanbury Manor,10488.354448799999,G&A,Hotel and conference venue,Terminate,database,High
Shoff Darby Companies,10100.4661048,Professional Services,Employee benefits brokerage and insurance advisory,Consolidate,database,High
Emerge Development Consultancy Ltd,10046.3081096,Professional Services,Leadership development and executive coaching,Optimize,database,High
Performancepro,10017.765382399999,SaaS,Performance management platform,Optimize,database,High
Microsoft Ireland Operations Limited,9821.625616,SaaS,Productivity and cloud software,Optimize,database,High
Catering Muring,9602.7980408,G&A,Catering services for corporate events,Terminate,database,High
Omonia D.O.O.,9558.8861528,G&A,Office renovation and interior fit-out contractor,Optimize,database,High
Outreach Corporation,9206.127319199999,SaaS,Sales engagement platform,Optimize,database,High
Cbre Limited,8395.221120799999,Facilities,Commercial real estate advisory,Optimize,database,High
Studentski Centar - Split,8269.3403752,G&A,Student center venue for corporate events,Terminate,database,High
The Guardian,8070.2731496,Marketing,Media advertising and brand awareness,Optimize,database,High
Intertrust Singapore Corporate Services Pte Ltd - Csc,7359.6324288,Finance,Corporate secretarial and trust services,Optimize,database,High
Goto Technologies Uk Limited,7316.4524056,SaaS,Video conferencing and communications,Optimize,database,High
Hrsolution International Ag,6987.1132456,Professional Services,HR consulting and outsourcing services,Consolidate,database,High
Trello,6673.8751112,SaaS,Project management platform,Consolidate,database,High
Obrt Sjaj Sunca,6596.297442399999,Facilities,Cleaning and facility maintenance,Optimize,database,High
Telefã³Nica Compras Electrã³Nicas S.L.,6157.1785623999995,Engineering,Telecommunications services provider,Optimize,database,High
Allianz Australia Workers' Compensation (Victoria) Limited,6098.6293784,Support,Workers compensation insurance,Consolidate,database,High
Icici Lombard Gic Ltd,5972.0167679999995,Support,General insurance provider,Consolidate,database,High
Mosaic Concept D.O.O.,5730.501384,Professional Services,Business consulting and design services,Consolidate,database,High
Limes Plus D.O.O.,5623.6491232,Engineering,IT systems and technology services,Optimize,database,High
Mercer Limited,5443.6103824,Support,Employee benefits and insurance advisory,Consolidate,database,High
Acclime Corporate Services,5412.872060799999,G&A,Asia-Pacific entity formation and compliance services,Optimize,database,High
Green Commute Initiative,5401.8940888,Support,Employee cycle-to-work benefits scheme,Optimize,database,High
Tattu Manchester Limited,5366.0327136,G&A,Restaurant venue for corporate entertainment,Terminate,database,High
Athlete Service Ltd,5284.7957208,Support,Corporate fitness and wellness,Optimize,database,High
Amazon Web Services Inc.,5153.0600568,Engineering,Cloud infrastructure platform (AWS),Optimize,database,High
Telemach Hrvatska D.O.O.,5134.031572,Engineering,Croatian telecommunications and internet,Optimize,database,High
"Acclime Usa, Inc",4994.97726,G&A,US corporate entity compliance and registered agent,Optimize,database,High
Centar Za Sigurnost D.O.O.,4991.3179359999995,G&A,Safety and security compliance services,Optimize,database,High
Profi Bar D.O.O.,4916.6677264,G&A,Bar and catering services,Terminate,database,High
Pricewaterhousecoopers Llp,4878.6107568,Finance,Audit advisory and accounting services,Consolidate,database,High
Pinnacle Partnership Ca,4836.1625984,Professional Services,Executive search and leadership consulting,Consolidate,database,High
The Virtual Legal Counsel Ltd,4800.3012232,Legal,Virtual legal advisory services,Optimize,database,High
Australian Payroll Professionals Pty Ltd,4399.2393128,Finance,Payroll processing services,Optimize,database,High
Inter Continental Chennai Mahabalipuram Resort,4392.6525296,G&A,Hotel and resort venue for events,Terminate,database,High
Jetbrains S.R.O.,4083.0737191999997,SaaS,Developer IDE and tools platform,Optimize,database,High
Crowe Horwath Revizija D.O.O.,4061.84964,Finance,Audit and accounting services,Consolidate,database,High
Puducherry Backwater Resort Private Limited,4055.9947216,G&A,Resort venue for corporate events,Terminate,database,High
Orionw Llc,4025.2563999999998,Professional Services,Contract staffing and project-based consulting,Consolidate,database,High
Adobe Systems Software,3928.6502464,SaaS,Creative and document software platform,Optimize,database,High
"Common Desk, Llc",3842.2902,Facilities,Coworking and flexible office space,Consolidate,database,High
Hep Elektra D.O.O.,3734.7060744,Facilities,Electricity utility provider,Optimize,database,High
Zivi Napitak D.O.O.,3699.576564,G&A,Beverage supply for corporate events,Terminate,database,High
Gym4You D.O.O.,3692.257916,Support,Corporate gym membership,Optimize,database,High
Aha! Labs Inc,3689.3304568,SaaS,Product roadmap and strategy platform,Optimize,database,High
Apple Retail Uk Ltd,3548.0805504,Engineering,IT hardware and devices,Optimize,database,High
"Kryterion, Inc.",3541.4937672,SaaS,Online exam proctoring platform,Optimize,database,High
Npm Inc,3534.9069839999997,Engineering,JavaScript package management platform,Optimize,database,High
Pinsent Masons Mpillay Llp,4077.8263165000003,Legal,International corporate legal services,Optimize,database,High
Calm Achiever(A Unit Of Mohsin Ali Vakil),4071.0143285000004,Support,Wellness and mindfulness services,Optimize,database,High
Pluxee India Private Limited,3994.3794635000004,Support,Employee benefits and meal vouchers,Consolidate,database,High
Oâ€™Donnell Salzano Lawyers,3955.2105325,Legal,Corporate and employment legal services,Optimize,database,High
Papertrail Inc,3899.86313,SaaS,Cloud-based log management platform,Optimize,database,High
Sniper Systems And Solutions Private Limited,3899.0116315,Engineering,IT systems and networking solutions,Consolidate,database,High
Trocadero (London) Hotel Ltd,3867.5061870000004,G&A,Hotel venue for corporate events,Terminate,database,High
Semrush Inc,3729.56343,SaaS,SEO and digital marketing platform,Optimize,database,High
Golubica Parking D.O.O.,3726.1574360000004,Facilities,Parking facility services,Optimize,database,High
Vodafone (Australian),3671.661532,Engineering,Telecommunications services provider,Optimize,database,High
Ikea Hrvatska D.O.O.,3609.5021415,Facilities,Office furniture and supplies,Optimize,database,High
Orcola D.O.O.,3544.7882555,G&A,Corporate gifting and branded merchandise supplier,Terminate,database,High
Info Edge India Limited,3536.2732705000003,Professional Services,Recruitment portal and HR services,Consolidate,database,High
Grad Split,3482.628865,G&A,Municipal government permits and fees,Optimize,database,High
T-Mobile,3357.4585855,Engineering,Mobile telecommunications services,Optimize,database,High
Akton D.O.O.,3253.5757685000003,Engineering,IT services and technology solutions,Optimize,database,High
Bureau Veritas Croatia D.O.O.,3199.931363,G&A,Quality certification and compliance,Optimize,database,High
Cici Prudential Life Insurance Co. Ltd.,3194.822372,Support,Life insurance provider,Consolidate,database,High
Ncc Services Limited,3036.443651,Engineering,Cybersecurity consulting services,Optimize,database,High
Smartsheet Inc.,2994.7202245000003,SaaS,Work management and collaboration platform,Consolidate,database,High
Good Game Global D.O.O.,2953.8482965000003,Engineering,Gaming and technology services,Optimize,database,High
Garaå¾A Firule D.O.O.,2930.0063385000003,Facilities,Parking facility services,Optimize,database,High
Crossland,2924.045849,Professional Services,Consulting and advisory services,Consolidate,database,High
It London,2838.0445005,Engineering,IT services and recruitment,Optimize,database,High
Terrapinn Holdings Ltd,2838.0445005,Marketing,Industry conference and events,Optimize,database,High
Elemental Life Solutions Llp,2806.539056,Support,Wellness and health solutions,Optimize,database,High
United Flow Ltd (The Goodness Project),2744.3796655,Support,Corporate wellbeing services,Optimize,database,High
Mcburneys Charted Accountants,2711.171224,Finance,Accounting services,Consolidate,database,High
Cleverland Winery Resort,2662.6358095,G&A,Winery resort venue for events,Terminate,database,High
Ag Grid Ltd,2653.269326,Engineering,Frontend data grid component library,Optimize,database,High
Lusha,2605.58541,SaaS,B2B contact data platform,Consolidate,database,High
My Foodiverse Llp,2488.9301155000003,G&A,Food experience and catering events,Terminate,database,High
4Imprint Direct Ltd,2436.1372085000003,Marketing,Branded promotional merchandise,Optimize,database,High
City Pantry Ltd,2419.1072385,G&A,Office food delivery and catering,Terminate,database,High
Stipe Piric,2301.6004455,Professional Services,Independent Croatian contractor for field operations,Optimize,database,High
Office Move London,2293.0854605,Facilities,Office relocation services,Optimize,database,High
Pink Ribbon Shop,2250.5105355,G&A,Charitable merchandise purchases,Terminate,database,High
Starhub Ltd (Supplier),2205.381115,Engineering,Telecommunications and broadband,Optimize,database,High
N S Shastri And Co,2194.3116345000003,Finance,Accounting and audit services,Consolidate,database,High
John Smith,2162.8061900000002,Professional Services,Independent contractor for project-based technical work,Optimize,database,High
Fabiola Thistlewhaite,2154.291205,Professional Services,Independent HR and people operations consultant,Optimize,database,High
Hp Inc Uk Limited,2136.4097365000002,Engineering,IT hardware and peripherals,Optimize,database,High
Cision Pr Newswire,2110.0132830000002,Marketing,PR distribution and media monitoring,Optimize,database,High
George Anchor,2107.4587875,Professional Services,Independent contractor for strategic project delivery,Optimize,database,High
"Yoxel, Inc",2043.5964000000001,SaaS,Revenue operations platform,Optimize,database,High
Grt Hotels And Resorts P Ltd,2031.6754210000001,G&A,Hotel and resort venue for events,Terminate,database,High
Apple Pty Ltd,2030.8239225000002,Engineering,IT hardware and devices,Optimize,database,High
Slack Technologies Limited,1989.100496,SaaS,Team communication platform,Consolidate,database,High
G S Notary Public Limited,1935.4560905,Legal,Notary and legal documentation services,Optimize,database,High
Apple Distribution International Ltd,1913.3171295000002,Engineering,IT hardware and software licenses,Optimize,database,High
Porezno Savjetniå¡Tvo Tuk D.O.O.,1812.8403065,Finance,Tax advisory and compliance services,Consolidate,database,High
Susan Lee,1761.7503965,Professional Services,Independent financial and operations consultant,Optimize,database,High
Ansar Madovic,1731.947949,Professional Services,Independent Croatian language and local liaison services,Optimize,database,High
"Radius Group, Inc",1722.5814655000001,Professional Services,Procurement optimization and supply chain consulting,Consolidate,database,High
Aquila Remete D.O.O.,1706.402994,Facilities,Property and facility services,Optimize,database,High
Clime India Private Limited,1678.3035435000002,G&A,India entity compliance and corporate secretarial,Optimize,database,High
"Golden Mean, Inc",1658.719078,Professional Services,Financial operations and process efficiency advisory,Consolidate,database,High
Paint & Fun Vl. Martina Milkova Nikolova,1654.4615855000002,G&A,Team building entertainment activity,Terminate,database,High
Carrington Communications,1654.4615855000002,Marketing,PR and communications agency,Optimize,database,High
Crayond Digital Private Limited,1645.9466005000002,Engineering,Digital product development services,Optimize,database,High
Studentski Centar Karlovac,1548.8757715000002,G&A,Student center venue for corporate events,Terminate,database,High
Lajnap Comedy Booking D.O.O.,1536.103294,G&A,Comedy entertainment for corporate events,Terminate,database,High
British Telecommunications,1492.6768705000002,Engineering,Telecommunications services provider,Optimize,database,High
Etm Concessions Ltd,1418.596501,G&A,Concession and vending services,Terminate,database,High
Radisson Grt - Unit Of Hotels & Resorts Pvt Ltd,1405.8240235,G&A,Hotel and resort venue,Terminate,database,High
Ariba Inc,1363.2490985000002,SaaS,Procurement and supply chain platform,Optimize,database,High
Chamiers Recreation Club,1337.7041435,Support,Corporate sports and recreation,Optimize,database,High
Quadrant Law Llc,1326.634663,Legal,Cross-border M&A and corporate transaction law,Optimize,database,High
Docusign,1307.9016960000001,SaaS,Electronic signature platform,Optimize,database,High
Inside Edge Novated Leasing,1287.4657320000001,Support,Employee vehicle leasing benefits,Optimize,database,High
Rhea D.O.O.,1253.405792,G&A,Translation and administrative support services,Optimize,database,High
P S Recreation Club,1219.3458520000001,Support,Corporate sports and recreation,Optimize,database,High
Fastspring,1179.3254225,SaaS,Digital commerce platform,Optimize,database,High
Dsv Solutions A/S,1162.2954525,G&A,Logistics and shipping services,Optimize,database,High
Curzon Green Solicitors,1158.03796,Legal,Immigration and corporate legal services,Optimize,database,High
Icare Nsw,1150.3744735,Support,Workers compensation insurance,Consolidate,database,High
Thomas Mansfield Solicitors Limited,1135.0475005,Legal,Employment and corporate legal services,Optimize,database,High
Amazon.Co.Uk,1106.94805,G&A,General office supplies and equipment,Optimize,database,High
Backoffice Associates,1079.700098,SaaS,Data governance platform,Optimize,database,High
Oladi D.O.O.,1064.373125,G&A,Local vendor coordination and procurement support,Optimize,database,High
Integrated Personnel Services,1054.155143,Professional Services,Staffing and personnel services,Consolidate,database,High
Mãœller Trgovina Zagreb D.O.O.,1050.749149,G&A,Retail and office supplies,Optimize,database,High
Lunch Nutrition D.O.O.,1011.5802180000001,G&A,Office meal delivery services,Terminate,database,High
Winmaxi Tours & Travels,1001.362236,G&A,Corporate travel services,Terminate,database,High
Digitalna Produkcija J.D.O.O.,992.847251,Engineering,Digital production and content services,Optimize,database,High
Computershare-Caboodle Technology Limited,980.926272,SaaS,Employee share plan administration,Optimize,database,High
Allianz Wa,970.70829,Support,Workers compensation insurance,Consolidate,database,High
Trending Technology Services Gmbh,961.3418065000001,Engineering,Cloud migration and DevOps consulting services,Optimize,database,High
"Godaddy.Com, Llc",923.0243740000001,Engineering,Domain and web hosting services,Optimize,database,High
Time Out Group,920.4698785,Marketing,Media and events partnership,Optimize,database,High
Raiffeisenbank Austria D.D.,919.61838,Finance,Banking and financial services,Optimize,database,High
Galop-Prijevoz D.O.O.,907.697401,G&A,Transportation and delivery services,Optimize,database,High
Lane Ip Limited,851.4985,Legal,Intellectual property legal services,Optimize,database,High
Urbani Eventi D.O.O.,850.6470015000001,G&A,Event planning and management,Terminate,database,High
Smashing Media Ag,849.795503,Marketing,Web development media and events,Optimize,database,High
Epignosis Llc,832.765533,SaaS,Learning management platform,Optimize,database,High
Croatia Airlines,831.9140345000001,G&A,Corporate air travel services,Optimize,database,High
Bb Football Scouting J.D.O.O.,822.547551,G&A,Corporate sports entertainment,Terminate,database,High
Boe Croatia D.O.O.,814.0325660000001,G&A,Office equipment leasing and maintenance,Optimize,database,High
Potomac D.O.O.,805.5175810000001,G&A,Administrative support and document management,Optimize,database,High
"President Hotel And Tower Co., Ltd",802.9630855,G&A,Hotel venue for corporate events,Terminate,database,High
Friends Sports Club,797.002596,Support,Corporate sports and fitness,Optimize,database,High
The Cycle Gap Adyar,765.4971515000001,Support,Cycling and fitness services,Optimize,database,High
Apple - Amer,763.7941545,Engineering,IT hardware and devices,Optimize,database,High
Klg - Kalra Legal Group,681.1988,Legal,Indian corporate and commercial law advisory,Optimize,database,High
Kilgannon & Partners Llp,681.1988,Legal,UK employment law and workplace dispute resolution,Optimize,database,High
Uk Postbox Limited,670.1293195000001,G&A,Virtual mailbox and postal services,Optimize,database,High
Catering Iviä‡ D.O.O.,669.277821,G&A,Catering services for corporate events,Terminate,database,High
Blink Events,664.1688300000001,G&A,Event planning and management,Terminate,database,High
Grafo-Jan,662.4658330000001,G&A,Printing and graphic services,Optimize,database,High
Mesa Verde,662.4658330000001,G&A,Restaurant venue for corporate events,Terminate,database,High
Pixsy Inc,613.07892,SaaS,Image copyright protection platform,Optimize,database,High
Dun & Bradstreet D.O.O.,609.6729260000001,SaaS,Business data and analytics platform,Optimize,database,High
Induslaw,596.04895,Legal,Indian M&A and corporate transaction advisory,Optimize,database,High
Trans-Agram Obrt Za Dostavu,580.721977,G&A,Delivery and courier services,Optimize,database,High
Landu Law Solicitors,567.9494995,Legal,UK immigration and global mobility legal services,Optimize,database,High
Arena Center Zagreb D.O.O.,567.0980010000001,G&A,Venue for corporate events,Terminate,database,High
Obrt Za Ugostiteljstvo Mirakul,565.3950040000001,G&A,Hospitality and catering services,Terminate,database,High
Oakberry Jr D.O.O.,534.7410580000001,G&A,Food and beverage services,Terminate,database,High
Tau On-Line D.O.O.,533.8895595,Engineering,IT and online services,Optimize,database,High
Magic Mountain Saloon,523.6715775,G&A,Entertainment venue for corporate events,Terminate,database,High
Hotel Zonar,522.8200790000001,G&A,Hotel venue for corporate events,Terminate,database,High
Roto Dinamic D.O.O.,511.7505985,G&A,"Printing, signage, and branded materials production",Optimize,database,High
Tm Forum,510.04760150000004,Professional Services,Telecommunications industry forum membership,Optimize,database,High
Marvie Hotel - Krupa D.O.O.,501.5326165,G&A,Hotel venue for corporate events,Terminate,database,High
Merchandise Ltd,490.463136,Marketing,Branded merchandise and company swag,Optimize,database,High
Yellow Submarine D.O.O.,486.2056435,G&A,Creative design and media production agency,Optimize,database,High
Streamlinereforms Inc,482.79964950000004,SaaS,Process improvement platform,Optimize,database,High
Make And Grow Ltd,482.79964950000004,Marketing,Content marketing and lead generation agency,Optimize,database,High
Obiteljski Hoteli D.O.O.,474.2846645,G&A,Hotel and accommodation services,Terminate,database,High
Rudan D.O.O.,472.58166750000004,Facilities,Building maintenance and handyman services,Optimize,database,High
Entrio Tehnologije D.O.O.,472.58166750000004,Engineering,Event technology platform,Optimize,database,High
Vivat Fina Vina D.O.O.,466.62117800000004,G&A,Wine and beverages for corporate events,Terminate,database,High
"Figma, Inc.",459.80919,SaaS,Collaborative design platform,Optimize,database,High
E-Disti D.O.O.,458.106193,Engineering,Digital distribution and IT services,Optimize,database,High
Greencell Express Private Limited,457.2546945,G&A,Courier and delivery services,Optimize,database,High
Edwardian Pastoria Hotels Ltd (The Londoner),433.41273650000005,G&A,Hotel venue for corporate events,Terminate,database,High
Tiganda J.D.O.O.,431.7097395,G&A,Corporate photography and video production,Optimize,database,High
"Franklin, Gringer & Cohen, P.C.",426.6007485,Legal,US corporate governance and securities law,Optimize,database,High
Blitz - Cinestar D.O.O.,425.74925,G&A,Cinema entertainment venue,Terminate,database,High
Lancefield Bus Service,412.12527400000005,G&A,Corporate transportation services,Optimize,database,High
Super Odrediå¡Te D.O.O.,378.065334,G&A,Venue and event services,Terminate,database,High
Pmi Global Operations Center,378.065334,Professional Services,Project management certification,Optimize,database,High
Student Packers & Movers,371.253346,Facilities,Relocation and moving services,Optimize,database,High
Del Posto D.O.O.,363.58985950000005,G&A,Restaurant and catering services,Terminate,database,High
Inicijativa Centar Za Edukaciju,357.62937,Professional Services,Professional education and training,Optimize,database,High
Niva Transport J.D.O.O.,357.62937,G&A,Transportation services,Optimize,database,High
Doctor Anywhere Operations Pte Ltd,346.5598895,Support,Digital health and telemedicine services,Optimize,database,High
Spar Hrvatska D.O.O.,340.5994,G&A,Grocery and office supplies,Terminate,database,High
Pepe'S Italian And Liquor,338.896403,G&A,Restaurant and bar venue for events,Terminate,database,High
"Pluralsight, Llc",318.460439,SaaS,Technology skills training platform,Optimize,database,High
Maniax Melbourne Cbd,315.05444500000004,G&A,Restaurant venue for corporate events,Terminate,database,High
Dnsimple,311.648451,Engineering,DNS and domain management platform,Optimize,database,High
Treci Posao D.O.O.,307.3909585,Professional Services,Job portal and recruitment services,Consolidate,database,High
Gaucho Restaurants,302.2819675,G&A,Restaurant venue for corporate entertainment,Terminate,database,High
Formswift,301.430469,SaaS,Document creation and forms platform,Optimize,database,High
Safestore Ltd,286.9549945,Facilities,Storage facility services,Optimize,database,High
Split Tech City,283.54900050000003,Professional Services,Technology community membership,Optimize,database,High
National Securities Depository Limited(Nsdl),280.994505,Finance,Securities depository services,Optimize,database,High
Adamma Info Services Private Limited,273.3310185,Engineering,IT and information services,Optimize,database,High
The Riding House Cafe,264.8160335,G&A,Restaurant venue for corporate meals,Terminate,database,High
Stillmark Zagreb D.O.O.,263.1130365,Marketing,Brand identity design and visual communications,Optimize,database,High
Lastpass Ireland Limited,263.1130365,SaaS,Password management platform,Optimize,database,High
Taste Of Health,258.855544,G&A,Healthy food and catering services,Terminate,database,High
Infodata,240.97407550000003,Engineering,IT services and data management,Optimize,database,High
Amazon (Aus),233.31058900000002,G&A,General office supplies and equipment,Optimize,database,High
Regency Hampers Ltd,247.877645215,G&A,Corporate gift hampers,Terminate,database,High
Bella Operation A/S,240.505819335,G&A,Scandinavian office catering and workplace meals provider,Terminate,database,High
The Plant Man,234.976949925,Facilities,Office plant maintenance services,Optimize,database,High
Media Promo Plus D.O.O.,225.762167575,Marketing,Media and promotional services,Optimize,database,High
Expert-Ing D.O.O.,224.84068934,Engineering,Fire safety and building compliance engineering,Optimize,database,High
Atlassian Pty Ltd,223.91921110500002,SaaS,Development and project management tools,Optimize,database,High
Djs For U,220.233298165,G&A,DJ entertainment for corporate events,Terminate,database,High
Freepik Company,202.72521170000002,Marketing,Digital design assets and graphics,Optimize,database,High
Nastavni Zavod Za Javno Zdravstvo Dr. Andrija Å Tampar,199.03929876,Support,Public health and medical services,Optimize,database,High
Rishi Events And Entainment,198.117820525,G&A,Event entertainment services,Terminate,database,High
Kosmaz Technologies Croatia,195.35338582,Engineering,IT services and consulting,Optimize,database,High
Dhl,190.745994645,G&A,Courier and logistics services,Optimize,database,High
Hotel Laguna D.D.,189.82451641,G&A,Hotel venue for corporate events,Terminate,database,High
Bigshare Services Private Limited,187.98155994,Finance,Share registrar and transfer services,Optimize,database,High
Zettanet,183.374168765,Engineering,Internet and network services,Optimize,database,High
Hahn Air,183.374168765,G&A,Corporate air travel ticketing,Optimize,database,High
Vitality Works,181.53121229500002,Support,Workplace wellness program,Optimize,database,High
Avoxi Inc,177.845299355,Engineering,Cloud communications platform,Optimize,database,High
Zapier Inc.,166.787560535,SaaS,Workflow automation platform,Optimize,database,High
"Solarwinds, Inc",165.86608230000002,SaaS,IT monitoring and management platform,Optimize,database,High
Xenon Savjetovanje D.O.O.,164.02312583,Professional Services,Tax planning and financial consulting services,Consolidate,database,High
Floom Ltd,162.18016936,G&A,Flower delivery for corporate events,Terminate,database,High
Notino S.R.O.,161.258691125,G&A,Gift and personal care items,Terminate,database,High
"Paint&Wine, Vl. Stevo Dosen",159.415734655,G&A,Team building entertainment activity,Terminate,database,High
Parcelforce Worldwide,154.80834348000002,G&A,Postal and parcel delivery,Optimize,database,High
Advena,153.886865245,G&A,Employee relocation and global mobility services,Optimize,database,High
Hrvatski Nezavisnici Izvoznici Softvera,153.886865245,Professional Services,Croatian software exporters association,Optimize,database,High
Monile J.D.O.O.,152.043908775,Engineering,Mobile app development and digital services,Optimize,database,High
Puzzle Promotion J.D.O.O.,142.829126425,Marketing,Event promotional materials and merchandise,Optimize,database,High
Zagrebaä_x008d_Ki Holding D.O.O.,142.829126425,Facilities,Property holding and management,Optimize,database,High
Event Ors,142.829126425,G&A,Event planning and management,Terminate,database,High
Sportkart D.O.O.,140.986169955,Support,Sports and recreation services,Optimize,database,High
"Interaction Design Foundation, Inc",138.22173525,SaaS,UX design education platform,Optimize,database,High
(Blank),137.300257015,G&A,Unidentified vendor requiring manual classification,Optimize,database,High
Escape Art D.O.O.,132.69286584,G&A,Team building entertainment venue,Terminate,database,High
Fero-Term,130.84990937,Facilities,HVAC and facility equipment,Optimize,database,High
Ustanova Za Zdravstvenu Skrb P.P.,130.84990937,Support,Healthcare and medical services,Optimize,database,High
Vistaprint,129.928431135,Marketing,Print and promotional materials,Optimize,database,High
Teb Poslovno Savjetovanje D.O.O.,129.00695290000002,Professional Services,Business consulting and education,Consolidate,database,High
Illunis D.O.O.,128.085474665,Engineering,IT and technology solutions,Optimize,database,High
The Cook Kitchen,122.55660525500001,G&A,Restaurant and food services,Terminate,database,High
Australian Taxation Office (Ato),122.55660525500001,Finance,Government tax compliance,Optimize,database,High
Capitol Services,119.79217055000001,Legal,Corporate compliance and registered agent,Optimize,database,High
Bonus Opinio D.O.O.,119.79217055000001,G&A,Market research and employee survey services,Optimize,database,High
Dhl Express (Uk) Ltd,118.870692315,G&A,Express courier and logistics,Optimize,database,High
Kat'S Kitchen D.O.O.,118.870692315,G&A,Restaurant and catering services,Terminate,database,High
Soho Kitchen Ltd,104.12704055500001,G&A,Restaurant venue for corporate events,Terminate,database,High
Fortis Trade J.D.O.O.,94.912258205,G&A,Office supply import and wholesale distribution,Optimize,database,High
Till Trade D.O.O.,93.06930173500001,G&A,Office consumables and supply procurement,Optimize,database,High
Pret A Manger,92.1478235,G&A,Food and beverage purchases,Terminate,database,High
Axil Coffee Roasters,89.383388795,G&A,Coffee and beverages for events,Terminate,database,High
Pepco Croatia D.O.O.,89.383388795,G&A,Low-cost office and household supplies retailer,Optimize,database,High
Lemia D.O.O.,87.540432325,G&A,Stationery and office consumables supplier,Optimize,database,High
Retriever Llc,87.540432325,SaaS,Media monitoring platform,Optimize,database,High
Meluba Limited,87.540432325,Facilities,Commercial cleaning and janitorial supplies,Optimize,database,High
London Waste Management,85.69747585500001,Facilities,Waste management services,Optimize,database,High
Hilton Garden Inn - Zagreb City Hotels D.O.O.,82.011562915,G&A,Hotel venue for corporate events,Terminate,database,High
Lider Media D.O.O.,80.16860644500001,Marketing,Croatian media and publishing,Optimize,database,High
Uptime Robot Service Provider Ltd,78.325649975,SaaS,Website monitoring platform,Optimize,database,High
Mithras Consultants,77.40417174000001,Professional Services,Organizational restructuring and change management,Consolidate,database,High
6Sense Insights Inc,75.56121527,SaaS,Account-based marketing platform,Optimize,database,High
Ico,67.26791115500001,Legal,Data protection regulatory fees,Optimize,database,High
Sportska Udruga Split,66.34643292,Support,Sports and recreation services,Optimize,database,High
Prezzee,63.581998215000006,G&A,Corporate gift cards,Terminate,database,High
Inet Telecoms Ltd.,62.660519980000004,Engineering,Telecommunications services provider,Optimize,database,High
Wolt Enterprises Oy,61.739041745,G&A,Food delivery service,Terminate,database,High
Platinum Office D.O.O.,61.739041745,Facilities,Office supplies and equipment,Optimize,database,High
Snappy Snaps,58.97460704,G&A,Photo printing services,Terminate,database,High
New Block D.O.O.,56.210172335,Engineering,Technology and development services,Optimize,database,High
Cayman Islands Government,56.210172335,Legal,Government regulatory and compliance fees,Optimize,database,High
Officeworks,56.210172335,G&A,Office supplies and stationery,Optimize,database,High
Click Send Pty Ltd,55.2886941,SaaS,Business communication platform,Optimize,database,High
Kall Kwik Centre 565,55.2886941,G&A,Printing and copying services,Optimize,database,High
Shilton Hospitality Llp,55.2886941,G&A,Hospitality venue for corporate events,Terminate,database,High
Axosoft Gitkraken,54.367215865,SaaS,Git client and developer tools,Optimize,database,High
Istra Wine,53.44573763,G&A,Wine tasting corporate entertainment,Terminate,database,High
Gophr,51.60278116,G&A,Same-day courier services,Optimize,database,High
Pan-Pek D.O.O.,49.75982469,G&A,Bakery and food supplies,Terminate,database,High
Uber *Eats,49.75982469,G&A,Food delivery service,Terminate,database,High
Fedex Express Uk Transportation Ltd,46.995389985,G&A,Express courier services,Optimize,database,High
Garden City D.O.O.,45.152433515,Facilities,Office and property maintenance,Optimize,database,High
Livingstone,40.54504234,Engineering,IT asset lifecycle management and disposal,Optimize,database,High
Ekupi D.O.O.,39.623564105,G&A,Online retail and office supplies,Optimize,database,High
Farmacia - Specijalizirana Prodavaonica D.O.O.,35.937651165,Support,Pharmacy and health products,Optimize,database,High
Cupcake Central (Life Is Sweet Bakery),35.01617293,G&A,Bakery for corporate events,Terminate,database,High
Post Office Ltd,32.251738225000004,G&A,Postal services,Optimize,database,High
Currys Pc World,30.408781755,Engineering,IT hardware retail purchases,Optimize,database,High
Brodomerkur D.D.,28.565825285000003,G&A,Retail and hardware supplies,Optimize,database,High
Sport Vision D.O.O.,25.80139058,G&A,Sporting goods for corporate events,Terminate,database,High
Harissa D.O.O.,21.193999405,G&A,Restaurant and food services,Terminate,database,High
Specijalisticka Ordinacija Medicine Rada I Sporta Ina Kardos,20.27252117,Support,Occupational health medical services,Optimize,database,High
Specijalisticka Ordinacija Medicine Rada Helena Blazic,20.27252117,Support,Occupational health medical services,Optimize,database,High
Ustanova Za Medicinu Rada I Sporta Dr. Novacki,20.27252117,Support,Occupational health medical services,Optimize,database,High
M&S Simply Food,19.351042935000002,G&A,Food and grocery purchases,Terminate,database,High
Bakemono Bakers Melbourne,18.4295647,G&A,Bakery for corporate events,Terminate,database,High
Coles,17.508086465,G&A,Grocery and supplies purchases,Terminate,database,High
